<?xml version="1.0"?>
<config>
    <includes>
        <default>
            <Mage_Adminhtml_Controller_Action />
            <J2t_Rewardpoints_Block_Adminhtml_Pointrules_Edit />
            <J2t_Rewardpoints_Helper_Data />
            <J2t_Rewardpoints_Block_Referral />
            <J2t_Rewardpoints_Block_Productpoints />
            <J2t_Rewardpoints_Block_Points />
            <J2t_Rewardpoints_Block_J2thead />
            <J2t_Rewardpoints_Block_Dashboard />
            <J2t_Rewardpoints_Block_Coupon />
            <J2t_Rewardpoints_Block_Config_Import />
            <J2t_Rewardpoints_Block_Config_Export />
            <J2t_Rewardpoints_Helper_Event />
            <J2t_Rewardpoints_Model_Account />
            <J2t_Rewardpoints_Model_Validator />
            <J2t_Rewardpoints_Model_Statusfield />
            <J2t_Rewardpoints_Model_Stats />
            <J2t_Rewardpoints_Model_Session />
            <J2t_Rewardpoints_Model_Rules />
            <J2t_Rewardpoints_Model_Rule />
            <J2t_Rewardpoints_Model_Review />
            <J2t_Rewardpoints_Model_Referral />
            <J2t_Rewardpoints_Model_Quote />
            <J2t_Rewardpoints_Model_Pointrules />
            <J2t_Rewardpoints_Model_Observer />
            <J2t_Rewardpoints_Model_Mathmethod />
            <J2t_Rewardpoints_Model_Discount />
            <J2t_Rewardpoints_Model_Columns2 />
            <J2t_Rewardpoints_Model_Columns />
            <J2t_Rewardpoints_Model_Catalogpointrules />
            <J2t_Rewardpoints_Model_Account />
            <J2t_Rewardpoints_Model_Rule_Condition_Combine />
            <J2t_Rewardpoints_Model_Rule_Condition_Order_Params />
            <J2t_Rewardpoints_Model_Rule_Condition_Customerattribute_Params />
            <J2t_Rewardpoints_Model_Rule_Condition_Customeraddress_Params />
            <J2t_Rewardpoints_Model_Mysql4_Stats />
            <J2t_Rewardpoints_Model_Mysql4_Rules />
            <J2t_Rewardpoints_Model_Mysql4_Rewardpoints />
            <J2t_Rewardpoints_Model_Mysql4_Referral />
            <J2t_Rewardpoints_Model_Mysql4_Pointrules />
            <J2t_Rewardpoints_Model_Mysql4_Catalogpointrules />
            <J2t_Rewardpoints_Model_Mysql4_Abstract />
            <J2t_Rewardpoints_Model_Mysql4_Stats_Collection />
            <J2t_Rewardpoints_Model_Mysql4_Rules_Collection />
            <J2t_Rewardpoints_Model_Mysql4_Rewardpoints_Collection />
            <J2t_Rewardpoints_Model_Mysql4_Referral_Collection />
            <J2t_Rewardpoints_Model_Mysql4_Pointrules_Collection />
            <J2t_Rewardpoints_Model_Mysql4_Customer_Collection />
            <J2t_Rewardpoints_Model_Mysql4_Catalogpointrules_Collection />
            <J2t_Rewardpoints_Model_Config_Imageimport />
            <J2t_Rewardpoints_Model_Config_Tablecell />
            <J2t_Rewardpoints_Model_Catalogpointrule_Condition_Combine />
            <J2t_Rewardpoints_Model_Catalogpointrule_Condition_Order_Params />
	</default>
        <rewardpoints>
            <J2t_Rewardpoints_Model_Total_Points />
            <J2t_Rewardpoints_Model_Validator />
            <J2t_Rewardpoints_Model_Statusfield />
            <J2t_Rewardpoints_Model_Stats />
            <J2t_Rewardpoints_Model_Session />
            <J2t_Rewardpoints_Model_Rules />
            <J2t_Rewardpoints_Model_Rule />
            <J2t_Rewardpoints_Model_Review />
            <J2t_Rewardpoints_Model_Referral />
            <J2t_Rewardpoints_Model_Quote />
            <J2t_Rewardpoints_Model_Pointrules />
            <J2t_Rewardpoints_Model_Observer />
            <J2t_Rewardpoints_Model_Mathmethod />
            <J2t_Rewardpoints_Model_Discount />
            <J2t_Rewardpoints_Model_Columns2 />
            <J2t_Rewardpoints_Model_Columns />
            <J2t_Rewardpoints_Model_Catalogpointrules />
            <J2t_Rewardpoints_Model_Account />
            <J2t_Rewardpoints_Model_Rule_Condition_Combine />
            <J2t_Rewardpoints_Model_Rule_Condition_Order_Params />
            <J2t_Rewardpoints_Model_Rule_Condition_Customerattribute_Params />
            <J2t_Rewardpoints_Model_Rule_Condition_Customeraddress_Params />
            <J2t_Rewardpoints_Model_Mysql4_Stats />
            <J2t_Rewardpoints_Model_Mysql4_Rules />
            <J2t_Rewardpoints_Model_Mysql4_Rewardpoints />
            <J2t_Rewardpoints_Model_Mysql4_Referral />
            <J2t_Rewardpoints_Model_Mysql4_Pointrules />
            <J2t_Rewardpoints_Model_Mysql4_Catalogpointrules />
            <J2t_Rewardpoints_Model_Mysql4_Abstract />
            <J2t_Rewardpoints_Model_Mysql4_Stats_Collection />
            <J2t_Rewardpoints_Model_Mysql4_Rules_Collection />
            <J2t_Rewardpoints_Model_Mysql4_Rewardpoints_Collection />
            <J2t_Rewardpoints_Model_Mysql4_Referral_Collection />
            <J2t_Rewardpoints_Model_Mysql4_Pointrules_Collection />
            <J2t_Rewardpoints_Model_Mysql4_Customer_Collection />
            <J2t_Rewardpoints_Model_Mysql4_Catalogpointrules_Collection />
            <J2t_Rewardpoints_Model_Config_Imageimport />
            <J2t_Rewardpoints_Model_Config_Tablecell />
            <J2t_Rewardpoints_Model_Catalogpointrule_Condition_Combine />
            <J2t_Rewardpoints_Model_Catalogpointrule_Condition_Order_Params />
            <J2t_Rewardpoints_Helper_Data />
            <J2t_Rewardpoints_Helper_Event />
            <J2t_Rewardpoints_Block_Referral />
            <J2t_Rewardpoints_Block_Productpoints />
            <J2t_Rewardpoints_Block_Points />
            <J2t_Rewardpoints_Block_J2thead />
            <J2t_Rewardpoints_Block_Dashboard />
            <J2t_Rewardpoints_Block_Coupon />
            <J2t_Rewardpoints_Block_Config_Import />
            <J2t_Rewardpoints_Block_Config_Export />
        </rewardpoints>
    </includes>
</config>
