<?xml version="1.0"?>

<sandbox>
	<testcards>
		<visa>
			<code>VISA</code>
			<ccn>4929000000006</ccn>
			<cvv>123</cvv>
		</visa>
		<delta>
			<code>DELTA</code>
			<ccn>4462000000000003</ccn>
			<cvv>123</cvv>
		</delta>
		<uke>
			<code>UKE</code>
			<ccn>4917300000000008</ccn>
			<cvv>123</cvv>
		</uke>
		<mastercard>
			<code>MC</code>
			<ccn>5404000000000001</ccn>
			<cvv>123</cvv>
		</mastercard>
		<mastercard_debit>
			<code>MCDEBIT</code>
			<ccn>5573470000000001</ccn>
			<cvv>123</cvv>
		</mastercard_debit>
		<maestro>
			<code>MAESTRO</code>
			<ccn>5641820000000005</ccn>
			<cvv>123</cvv>
			<isn>01</isn>
		</maestro>
		<solo>
			<code>SOLO</code>
			<ccn>6334900000000005</ccn>
			<cvv>123</cvv>
			<isn>1</isn>
		</solo>
		<switch>
			<code>SWITCH</code>
			<ccn>5641820000000005</ccn>
			<cvv>123</cvv>
			<isn>01</isn>
		</switch>
		<amex>
			<code>AMEX</code>
			<ccn>374200000000004</ccn>
			<cvv>1234</cvv>
		</amex>
		<jcb>
			<code>JCB</code>
			<ccn>3569990000000009</ccn>
			<cvv>123</cvv>
		</jcb>
		<dc>
			<code>DC</code>
			<ccn>36000000000008</ccn>
			<cvv>123</cvv>
		</dc>
		<laser>
			<code>LASER</code>
			<ccn>6304990000000000044</ccn>
			<cvv>123</cvv>
		</laser>
	</testcards>
</sandbox>